{
    "best_threshold": 0.9970961809158325,
    "metrics_at_0.5": {
        "accuracy": 0.9999833333333333,
        "precision": 1.0,
        "recall": 0.987012987012987,
        "f1": 0.9934640522875817,
        "roc_auc": 0.9992533708302278,
        "pr_auc": 0.9872951126956663,
        "balanced_accuracy": 0.9935064935064934,
        "mcc": 0.9934769830917921
    },
    "metrics_at_opt": {
        "accuracy": 0.9999833333333333,
        "precision": 1.0,
        "recall": 0.987012987012987,
        "f1": 0.9934640522875817,
        "roc_auc": 0.9992533708302278,
        "pr_auc": 0.9872951126956663,
        "balanced_accuracy": 0.9935064935064934,
        "mcc": 0.9934769830917921
    }
}