Model,Precision,Recall,F1-Score,ROC-AUC,PR-AUC
XGBoost,1.0,0.987012987012987,0.9934640522875817,0.9993296592098388,0.987326445127471
LightGBM,1.0,0.987012987012987,0.9934640522875817,0.9987384242678538,0.9871814492342871
Random Forest,1.0,0.987012987012987,0.9934640522875817,0.9985350247102829,0.9871583213554195
CatBoost,0.9743589743589743,0.987012987012987,0.9806451612903225,0.999289781193224,0.9873092463084764
Logistic Regression,0.05995203836930456,0.974025974025974,0.11295180722891567,0.9961209959708033,0.7174611448084133
